full_id,imp_city,imp_street,imp_unit,imp_zip,imp_house,ADDRESS_ID
w215740740,Plymouth,Court Street,,02360,345,"(2195559, 2205044, 2205045, 2205046, 2205047)"
w215740648,Plymouth,Court Street,,02360,345,"(2198875,)"
w215736911,Plymouth,Howland Street,,02360,11,"(2197085,)"
w215736908,Plymouth,Howland Street,,02360,11,"(2175439,)"
w215736125,Plymouth,Home Depot Drive,,02360,19,"(2195960, 4206905, 2178717)"
w215735980,Plymouth,Home Depot Drive,,02360,19,"(2175974, 2179112, 4195630, 2191663, 4206904, 2185529, 2186491, 2193020, 2190077)"
w215735641,Plymouth,Long Pond Road,,02360,80,"(2179456,)"
w215735637,Plymouth,Long Pond Road,,02360,80,"(2184334,)"
